row_index,true_label,predicted_label,predicted_probability
1280,1,1,0.62922984
1265,1,1,0.8415121
1244,1,1,0.9251564
1256,1,1,0.57994795
1323,1,1,0.85594565
