dataset,accuracy,precision,recall
train,0.9165232358003442,0.894374282433984,0.9936224489795918
validation,0.8095238095238095,0.78,0.975
test,0.6953125,0.7090909090909091,0.9176470588235294
